{
  "inertia": 28635.890103764035,
  "silhouette_score": 0.275864474180558,
  "cluster_counts": {
    "0": 1995,
    "1": 2241,
    "2": 2705
  }
}