{
  "model_mae": 0.3435038634452891,
  "model_mse": 0.30930820282603483,
  "model_rmse": 0.5561548370966801,
  "model_r2": 0.8465414177508606,
  "baseline_mae": 1.0913253481405507,
  "baseline_mse": 2.0159351152265867,
  "baseline_rmse": 1.4198362987424242,
  "baseline_r2": -0.00017568839880821585
}